input_name,output_name
A.G.P./Alliance Global Partners,A.G.P./Alliance Global Partners
ABN AMRO Securities (USA) LLC,ABN AMRO Securities (USA) LLC
ABN AMRO Securities (USA)LLC,ABN AMRO Securities (USA) LLC
Academy Securities Inc.,Academy Securities Inc.
Aegis Capital Corp.,Aegis Capital Corp
Aegis Capital Corp,Aegis Capital Corp
Aegis Capital Corp.,Aegis Capital Corp
Aegis Capital Corporation,Aegis Capital Corp
Aegis CapitalCorp,Aegis Capital Corp
Aegis CapitalCorp.,Aegis Capital Corp
Allen & Company LLC,Allen & Company LLC
Allen & Company LLC.,Allen & Company LLC
Allen & CompanyLLC,Allen & Company LLC
Apollo Global Securities LLC,Apollo Global Securities LLC
Apollo Global SecuritiesLLC,Apollo Global Securities LLC
ApolloGlobalSecurities LLC,Apollo Global Securities LLC
Arcadia Securities LLC,Arcadia Securities LLC
Atonline Limited,Atonline Limited
Avondale Partners LLC,Avondale Partners LLC
Avondale PartnersLLC,Avondale Partners LLC
Axia Capital Markets LLC,Axia Capital Markets LLC
Axiom Capital Management Inc.,Axiom Capital Management Inc.
B. Riley FBR Inc.,B. Riley FBR Inc.
B. Riley & Co.,B. Riley & Co.
B. Riley & Co. LLC,B. Riley & Co.
B. Riley FBR Inc.,B. Riley FBR Inc.
B. Riley FBRInc.,B. Riley FBR Inc.
BB & T Capital Markets a division of BB & T Securities LLC,BB&T Capital Markets
BB & T Capital Markets a division of BB & T SecuritiesLLC,BB&T Capital Markets
BB & T Capital Markets a division of BB & TSecuritiesLLC,BB&T Capital Markets
BB & T Capital Markets a divisionofBB & T Securities LLC,BB&T Capital Markets
BB & TCapitalMarketsadivisionofBB & TSecurities LLC,BB&T Capital Markets
BBVA Banco Continental,BBVA Securities Inc.
BBVA Securities Inc.,BBVA Securities Inc.
BBVA SecuritiesInc.,BBVA Securities Inc.
BDO Capital & Investment Corporation,BDO Capital & Investment Corporation
BHF-BANK Aktiengesellschaft,BHF-BANK Aktiengesellschaft
BMO Capital Markets,BMO Capital Markets
BMO Capital Markets Corp,BMO Capital Markets
BMO Capital Markets Corp.,BMO Capital Markets
BMO Capital MarketsCorp.,BMO Capital Markets
BMOCapital Markets Corp.,BMO Capital Markets
BMONesbitt Burns Inc(1),BMO Capital Markets
BNP Paribas Securities Corp.,BNP Paribas Securities Corp
BNY Mellon Capital Markets LLC,BNY Mellon Capital Markets LLC
BNY Mellon Capital MarketsLLC,BNY Mellon Capital Markets LLC
BOCI Asia Limited,BOCI Asia Limited
BOK Financial Securities Inc.,BOK Financial Securities Inc.
BTG Pactual US Capital LLC,BTG Pactual US Capital LLC
BTIG LLC,BTIG LLC
BTIG LLC,BTIG LLC
BTIGLLC,BTIG LLC
Banca IMI S.p.A,Banca IMI S.p.A
Banca IMI S.p.A.,Banca IMI S.p.A.
Banco BTG Pactual S.A.Cayman Branch,Banco BTG Pactual S.A.Cayman Branch
Banco Bradesco BBI S.A.,Banco Bradesco BBI S.A.
Banco Bradesco BBIS.A.,Banco Bradesco BBI S.A.
Banco Bradesco BBIS.A.(3),Banco Bradesco BBI S.A.
Banco Internacional del Per S.A.A.Interbank,Banco Internacional del Per S.A.A.Interbank
Banco Santander S.A.,Banco Santander S.A.
Banco do Brasil SecuritiesLLC,Banco do Brasil SecuritiesLLC
Bank of Communications Co. Ltd. Macau Branch,Bank of Communications Co. Ltd. Macau Branch
Barclays Capital Inc,Barclays Capital Inc
Barclays Capital Inc.,Barclays Capital Inc
Barclays CapitalInc.,Barclays Capital Inc
Barrington Research Associates Inc.,Barrington Research Associates Inc.
Barrington Research AssociatesInc.,Barrington Research Associates Inc.
Berenberg Capital Markets LLC,Berenberg Capital Markets LLC
Blackstone Advisory Partners L.P.,Blackstone Advisory Partners L.P.
Blackwell Partners LLC Series A,Blackwell Partners LLC Series A
Blaylock Beal Van LLC,Blaylock Beal Van LLC
Blaylock Van LLC,Blaylock Van LLC
Boenning & Scattergood Inc.,Boenning & Scattergood Inc.
BofA Securities Inc.,Merrill Lynch Pierce Fenner & Smith Incorporated
BofA SecuritiesInc.,Merrill Lynch Pierce Fenner & Smith Incorporated
BofASecuritiesInc.,Merrill Lynch Pierce Fenner & Smith Incorporated
Brean Capital LLC,Brean Capital LLC
Bryan Garnier & Co. Limited,Bryan Garnier & Co. Limited
Bryan Garnier & Co...,Bryan Garnier & Co. Limited
C & Co/PrinceRidge LLC,C & Co/PrinceRidge LLC
C.K. Cooper & Company Inc.,C.K. Cooper & Company Inc.
C.L. King & Associates Inc.,C.L. King & Associates Inc.
C.L. King & Associaties Inc.,C.L. King & Associaties Inc.
CIBC World Markets Corp.,CIBC World Markets Inc.
CIBC World Markets Inc.,CIBC World Markets Inc.
CIBC World MarketsCorp.,CIBC World Markets Inc.
CIBCWorld Markets Corp.,CIBC World Markets Inc.
CIM Securities LLC,CIM Securities LLC
CIMB Securities Limited,CIMB Securities Limited
CJS Securities Inc.,CJS Securities Inc.
CLSA Limited,CLSA Limited
CRT Capital Group LLC,Canaccord Genuity Inc.
Canaccord Genuity Inc.,Canaccord Genuity Inc.
Canaccord Genuity Corp.,Canaccord Genuity Inc.
Canaccord Genuity Inc,Canaccord Genuity Inc
Canaccord Genuity Inc.,Canaccord Genuity Inc.
Canaccord Genuity LLC,Canaccord Genuity Inc.
Canaccord Genuity LLC*,Canaccord Genuity Inc.
Canaccord GenuityInc.,Canaccord Genuity Inc.
Cantor Fitzgerald & Co.,Cantor Fitzgerald & Co.
CantorFitzgerald & Co.,Cantor Fitzgerald & Co.
Capital One Securities Inc.,Capital One Securities Inc.
Capital One SecuritiesInc.,Capital One Securities Inc.
Capital One Southcoast Inc.,Capital One Securities Inc.
Capital Ventures International,Capital Ventures International
CastleOak Securities L.P.,CastleOak Securities L.P.
Cathay Securities Corporation Offshore Securities Unit,Cathay Securities Corporation Offshore Securities Unit
Chardan Capital Markets LLC,Chardan Capital Markets LLC
Chardan Capital Markets LLC,Chardan Capital Markets LLC
China Everbright Securities (HK) Limited,China Everbright Securities (HK) Limited
China International Capital Corporation Hong Kong Securities Limited,China International Capital Corporation Hong Kong Securities Limited
China International Capital Corporation HongKong Securities Limited,China International Capital Corporation HongKong Securities Limited
China Merchants Securities (HK) Co. Limited,China Merchants Securities (HK) Co. Ltd.
China Merchants Securities (HK) Co. Ltd.,China Merchants Securities (HK) Co. Ltd.
China Merchants Securities (HK)Co.Ltd.,China Merchants Securities (HK) Co. Ltd.
China Renaissance Securities (Hong Kong) Limited,China Renaissance Securities (Hong Kong) Limited
China Renaissance Securities (HongKong) Limited,China Renaissance Securities (Hong Kong) Limited
Citigroup Global Markets Inc.,Citigroup Global Markets Inc.
Citigroup Global Capital Markets Inc.,Citigroup Global Markets Inc.
Citigroup Global Markets Inc,Citigroup Global Markets Inc.
Citigroup Global Markets Inc.,Citigroup Global Markets Inc.
Citigroup Global MarketsInc.,Citigroup Global Markets Inc.
CitigroupGlobalMarkets Inc.,Citigroup Global Markets Inc.
Citizens Capital Markets Inc.,Citizens Capital Markets Inc.
Clarkson Capital Markets LLC,Clarkson Capital Markets LLC
Clarksons Platou Securities Inc.,Clarksons Platou Securities Inc.
Code Advisors LLC,Code Advisors LLC
Comerica Securities Inc.,Comerica Securities Inc.
Comerica SecuritiesInc.,Comerica Securities Inc.
Common stock options issued and outstanding,Common stock options issued and outstanding
Compass Point Research & Trading LLC,Compass Point Research & Trading LLC
Compass Point Research & TradingLLC,Compass Point Research & Trading LLC
Connaught (UK) Limited,Connaught (UK) Limited
Contribution in kind of the PCPS,Contribution in kind of the PCPS
Conversion of Series A convertible preferred stock,Conversion of Series A convertible preferred stock
Conversion of Series B convertible preferred stock,Conversion of Series B convertible preferred stock
Conversion of Series C convertible preferred stock,Conversion of Series C convertible preferred stock
Conversion of Series D convertible preferred stock,Conversion of Series D convertible preferred stock
Coperatieve Centrale Raiffeisen-Boerenleenbank B.A.,Coperatieve Centrale Raiffeisen-Boerenleenbank B.A.
Cormark Securities (USA) Limited,Cormark Securities (USA) Limited
Cowen and Company,Cowen and Company
Cowen and Company LLC,Cowen and Company
Cowen and CompanyLLC,Cowen and Company
Cowenand Company LLC,Cowen and Company
CowenandCompany LLC,Cowen and Company
Craig-Hallum Capital Group LLC,Craig-Hallum Capital Group LLC
Credicorp Capital Sociedad Agente de BolsaS.A.(4),Credicorp Capital Sociedad Agente de BolsaS.A.(4)
Credit Agricole Securities (USA) Inc.,Credit Agricole Securities (USA) Inc.
Credit Agricole Securities (USA)Inc.,Credit Agricole Securities (USA) Inc.
Credit Suisse Securities (USA) L.L.C.,Credit Suisse Securities (USA) LLC
Credit Suisse Securities (USA) LLC,Credit Suisse Securities (USA) LLC
Credit Suisse Securities (USA) LLC and Credit Suisse Securities (Canada) LLC,Credit Suisse Securities (USA) LLC
Credit Suisse Securities (USA)LLC,Credit Suisse Securities (USA) LLC
Credit Suisse Securities(USA)LLC,Credit Suisse Securities (USA) LLC
Cuttone & Co. Inc.,Cuttone & Co. Inc.
Cuttone & Co. Inc.,Cuttone & Co. Inc.
D.A. Davidson & Co.,D.A. Davidson & Co.
D.A. Davidson & Co.,D.A. Davidson & Co.
null,null
DAFNA LifeScience Market Neutral L.P.,DAFNA LifeScience L.P.
DAFNA LifeScience Select L.P.,DAFNA LifeScience L.P.
DAFNA Lifescience LP,DAFNA LifeScience L.P.
DAFNA Lifescience Market Neutral LP,DAFNA LifeScience L.P.
DAFNA Lifescience Select LP,DAFNA LifeScience L.P.
DBS Bank Ltd.,DBS Bank Ltd.
DNB Markets Inc.,DNB Markets Inc.
DNB MarketsInc.,DNB MarketsInc.
DVB Capital Markets LLC,DVB Capital Markets LLC
Daiwa Capital Markets AmericaInc.,Daiwa Capital Markets AmericaInc.
Danske Markets Inc.,Danske Markets Inc.
Dawson James Securities Inc.,Dawson James Securities Inc.
Deutsche Bank Securities,Deutsche Bank Securities
Deutsche Bank Securities Inc,Deutsche Bank Securities
Deutsche Bank Securities Inc.,Deutsche Bank Securities
Deutsche Bank Securities Inc.*,Deutsche Bank Securities
Deutsche Bank SecuritiesInc.,Deutsche Bank Securities
DeutscheBankSecurities Inc.,Deutsche Bank Securities
Dominick & Dominick LLC,Dominick & Dominick LLC
Dowling & Partners Securities LLC,Dowling & Partners Securities LLC
Dowling & Partners SecuritiesLLC,Dowling & Partners Securities LLC
Drexel Hamilton LLC,Drexel Hamilton LLC
Drexel Hamilton LLC.,Drexel Hamilton LLC
DrexelHamilton LLC,Drexel Hamilton LLC
EA Markets Securities LLC,EA Markets Securities LLC
Early exercised common stock subject to future vesting,Early exercised common stock subject to future vesting
EarlyBirdCapital Inc.,EarlyBirdCapital Inc.
Equity compensation plans not approved by stockholders Directors Compensation Plan 2008 Equity Incentive Plan,Equity compensation plans not approved by stockholders Directors Compensation Plan 2008 Equity Incentive Plan
Evercore Group L.L.C,Evercore Group LLC
Evercore Group L.L.C.,Evercore Group LLC
Evercore Group LLC,Evercore Group LLC
Evercore GroupL.L.C.,Evercore Group LLC
Exercise Conversion Option Convertible Note 2018,Exercise Conversion Option Convertible Note 2018
FBR Capital Markets & Co,FBR Capital Markets & Co
FBR Capital Markets & Co.,FBR Capital Markets & Co
FBR Capital Markets & Co. (FBR),FBR Capital Markets & Co
FBRCapitalMarkets & Co.,FBR Capital Markets & Co
Fearnley Securities AS,Fearnley Securities AS
Feltl and Company Inc.,Feltl and Company Inc.
Fifth Third Securities Inc.,Fifth Third Securities Inc.
First Analysis Securities Corporation,First Analysis Securities Corporation
First Capital Increase,First Capital Increase
Foros Securities LLC,Foros Securities LLC
Franklin Strategic Series Franklin Biotechnology Discovery Fund,Franklin Strategic Series Franklin Biotechnology Discovery Fund
Franklin Templeton Investment Funds Franklin Biotechnology Discovery Fund,Franklin Templeton Investment Funds Franklin Biotechnology Discovery Fund
Freeman & Co. Securities LLC,Freeman & Co. Securities LLC
Global Hunter Securities,Global Hunter Securities
Global Hunter Securities LLC,Global Hunter Securities
Goldman Sachs& Co.,Goldman Sachs & Co
Goldman Sachs & Co,Goldman Sachs & Co
Goldman Sachs & Co.,Goldman Sachs & Co
Goldman Sachs & Co. LLC,Goldman Sachs & Co
Goldman Sachs & Co..,Goldman Sachs & Co
Goldman Sachs & Co.LLC,Goldman Sachs & Co
Goldman Sachs (Asia) L.L.C.,Goldman Sachs & Co
Goldman Sachs (Asia) L.L.C.*,Goldman Sachs & Co
Goldman Sachs& Co. LLC,Goldman Sachs & Co
GoldmanSachs & Co.,Goldman Sachs & Co
GoldmanSachs & Co.LLC,Goldman Sachs & Co
Great Pacific Securities,Great Pacific Securities
Growth Equity Opportunities Fund IV LLC,Growth Equity Opportunities Fund IV LLC
Guggenheim Securities LLC,Guggenheim Securities LLC
Guggenheim SecuritiesLLC,Guggenheim Securities LLC
H.C. Wainwright & Co. LLC,H.C. Wainwright & Co. LLC
H.C.Wainwright & Co.LLC,H.C. Wainwright & Co. LLC
HSBC Securities (USA) Inc.,HSBC Securities (USA) Inc.
HSBC Securities (USA)Inc.,HSBC Securities (USA) Inc.
Haitong International Securities Company Limited,Haitong International Securities Company Limited
Halliday Financial LLC,Halliday Financial LLC
Height Securities LLC,Height Securities LLC
Houlihan Lokey Capital Inc.,Houlihan Lokey Capital Inc.
Houlihan Lokey CapitalInc.,Houlihan Lokey Capital Inc.
Hovde Group LLC,Hovde Group LLC
I-Bankers Securities Inc.,I-Bankers Securities Inc.
I-Bankers Securities Inc.,I-Bankers Securities Inc.
I-Bankers SecuritiesInc.,I-Bankers Securities Inc.
IBERIA Capital Partners L.L.C.,IBERIA Capital Partners L.L.C.
ICBC International Securities Limited*,ICBC International Securities Limited*
IFS Securities Inc.,IFS Securities Inc.
ING Financial Markets LLC,ING Financial Markets LLC
ING Financial MarketsLLC,ING Financial Markets LLC
Imperial Capital LLC,Imperial Capital LLC
Imperial CapitalLLC,Imperial Capital LLC
Income on financial assets,Income on financial assets
Ingalls & Snyder LLC,Ingalls & Snyder LLC
Intrepid Partners LLC,Intrepid Partners LLC
Itau BBA USA Securities Inc.,Itau BBA USA Securities Inc.
J & EDavy,J & EDavy
J.J.B. Hilliard W.L. Lyons LLC,J.J.B. Hilliard W.L. Lyons LLC
J.J.B. Hilliard W.L. LyonsLLC,J.J.B. Hilliard W.L. Lyons LLC
J.P. Morgan Securities Inc.,JP Morgan Securities Inc.
J.P. Morgan Securities LLC,JP Morgan Securities Inc.
J.P. Morgan Securities LLC.,JP Morgan Securities Inc.
J.P. Morgan SecuritiesLLC,JP Morgan Securities Inc.
J.P. Turner & Company LLC,JP Morgan Securities Inc.
J.P.Morgan Securities LLC,JP Morgan Securities Inc.
J.P.Morgan SecuritiesLLC,JP Morgan Securities Inc.
J.P.MorganSecuritiesLLC,JP Morgan Securities Inc.
JMP Securities LLC,JMP Securities LLC
JMP SecuritiesLLC,JMP Securities LLC
JMPSecuritiesLLC,JMP Securities LLC
JVB FinancialGroup LLC,JVB FinancialGroup LLC
Janney Montgomery Scott LLC,Janney Montgomery Scott LLC
Janney Montgomery ScottLLC,Janney Montgomery Scott LLC
Jefferies & Company Inc.,Jefferies LLC
Jefferies LLC,Jefferies LLC
Jefferies LLC.,Jefferies LLC
JefferiesLLC,Jefferies LLC
Johnson Rice & Company L.L.C.,Johnson Rice & Company L.L.C.
JonesTrading Institutional ServicesLLC,JonesTrading Institutional ServicesLLC
Joseph Gunnar & Co. LLC.,Joseph Gunnar & Co. LLC.
KBC Securities USA Inc.,KBC Securities USA Inc.
KKR Capital Markets LLC,KKR Capital Markets LLC
Keefe Bruyette & Woods Inc.,Keefe Bruyette & Woods Inc.
Keefe Bruyette & WoodsInc.,Keefe Bruyette & Woods Inc.
KeyBanc Capital Markets Inc.,KeyBanc Capital Markets Inc.
KeyBanc Capital MarketsInc.,KeyBanc Capital Markets Inc.
Keybanc Capital Markets Inc.,KeyBanc Capital Markets Inc.
LOYAL3 Securities Inc.,LOYAL3 Securities Inc.
LUMA Securities LLC,LUMA Securities LLC
Ladenburg Thalmann & Co. Inc.,Ladenburg Thalmann & Co. Inc.
Ladenburg Thalmann & Co. Inc.,Ladenburg Thalmann & Co. Inc.
Ladenburg Thalmann & Co.Inc.,Ladenburg Thalmann & Co. Inc.
LadenburgThalmann & Co. Inc.,Ladenburg Thalmann & Co. Inc.
Laidlaw & Company (UK) Ltd.,Laidlaw & Company (UK) Ltd.
Lake Street Capital Markets LLC,Lake Street Capital Markets LLC
Lake Street CapitalMarkets LLC,Lake Street Capital Markets LLC
Lazard Capital Markets LLC,Lazard Capital Markets LLC
Lazard Frres & Co. Inc.,Lazard Frres & Co. Inc.
Lebenthal & Co. LLC,Lebenthal & Co. LLC
Lebenthal & Co. LLC.,Lebenthal & Co. LLC
Lebenthal & Co.LLC,Lebenthal & Co. LLC
Leerink Partners LLC,Leerink Partners LLC
Leerink PartnersLLC,Leerink Partners LLC
Leerink Swann LLC,Leerink Partners LLC
Leerink SwannLLC,Leerink Partners LLC
LifeSci Capital LLC,LifeSci Capital LLC
LionTree Advisors LLC,LionTree Advisors LLC
Loop Capital Markets LLC,Loop Capital Markets LLC
MCS Capital Markets LLC,MCS Capital Markets LLC
MFR Securities Inc.,MFR Securities Inc.
MLV & Co. LLC,MLV & Co. LLC
MUFG Securities Americas Inc.,MUFG Securities Americas Inc.
MUFG Securities AmericasInc.,MUFG Securities Americas Inc.
Macquarie Capital (USA) Inc.,Macquarie Capital (USA) Inc.
Macquarie Capital (USA)Inc.,Macquarie Capital (USA) Inc.
Macquarie Capital Markets CanadaLtd.(5),Macquarie Capital Markets CanadaLtd.(5)
Maxim Group LLC,Maxim Group LLC
Maxim Group LLC,Maxim Group LLC
MaximGroup LLC,Maxim Group LLC
MaximGroupLLC,Maxim Group LLC
Mediobanca Banca di Credito Finanziario S.p.A,Mediobanca Banca di Credito Finanziario S.p.A
Merrill Lynch Pierce Fenner & Smith Incorporated,Merrill Lynch Pierce Fenner & Smith Incorporated
Merrill Lynch Pierce Fenner & Smith↵Incorporated,Merrill Lynch Pierce Fenner & Smith Incorporated
Merrill Lynch Pierce Fenner & Smith↵Incorporated.,Merrill Lynch Pierce Fenner & Smith Incorporated
Merrill Lynch Pierce Fenner & Smith ↵Incorporated,Merrill Lynch Pierce Fenner & Smith Incorporated
Merrill Lynch Pierce Fenner & Smith Incorporated,Merrill Lynch Pierce Fenner & Smith Incorporated
Merrill Lynch Pierce Fenner & SmithIncorporated,Merrill Lynch Pierce Fenner & Smith Incorporated
Merrill Lynch Pierce Fenner & SmithIncorporated*,Merrill Lynch Pierce Fenner & Smith Incorporated
Merrill Lynch Pierce Fenner and SmithIncorporated,Merrill Lynch Pierce Fenner & Smith Incorporated
MerrillLynch Pierce Fenner & SmithIncorporated,Merrill Lynch Pierce Fenner & Smith Incorporated
MerrillLynchPierceFenner & SmithIncorporated,Merrill Lynch Pierce Fenner & Smith Incorporated
Miller Tabak + Co. LLC,Miller Tabak + Co. LLC
Mischler Financial Group Inc.,Mischler Financial Group Inc.
Mitsubishi UFJ Securities (USA) Inc.,Mitsubishi UFJ Securities (USA) Inc.
Mitsubishi UFJ Securities (USA)Inc.,Mitsubishi UFJ Securities (USA) Inc.
Mitsubishi UFJ Securities(USA) Inc.,Mitsubishi UFJ Securities (USA) Inc.
Mitsubishi UFJSecurities (USA) Inc.,Mitsubishi UFJ Securities (USA) Inc.
Mizuho Securities USA Inc.,Mizuho Securities USA LLC
Mizuho Securities USA LLC,Mizuho Securities USA LLC
Mizuho Securities USAInc.,Mizuho Securities USA LLC
Mizuho Securities USALLC,Mizuho Securities USA LLC
Moelis & Company LLC,Moelis & Company LLC
Moelis & CompanyLLC,Moelis & Company LLC
Morgan Stanley & Co. Incorporated,Morgan Stanley & Co. LLC
Morgan Stanley & Co. International plc,Morgan Stanley & Co. LLC
Morgan Stanley & Co. Internationalplc,Morgan Stanley & Co. LLC
Morgan Stanley & Co. LLC,Morgan Stanley & Co. LLC
Morgan Stanley & Co. LLC.,Morgan Stanley & Co. LLC
Morgan Stanley & Co.LLC,Morgan Stanley & Co. LLC
Morgan Stanley & Co.LLC.,Morgan Stanley & Co. LLC
Muriel Siebert & Co. Inc.,Muriel Siebert & Co. Inc.
NA,NA
National Bank Financial Inc.,National Bank Financial Inc.
National Bank FinancialInc.,National Bank Financial Inc.
National Bank of Canada FinancialInc.,National Bank of Canada Financial Inc.
National Securities Corporation,National Securities Corporation
Natixis,Natixis
Natixis Securities Americas LLC,Natixis
Natixis Securities AmericasLLC,Natixis
Needham & Company LLC,Needham & Company LLC
Needham & CompanyLLC,Needham & Company LLC
Needham and Company LLC,Needham & Company LLC
Newbridge Securities Corp.,Newbridge Securities Corp.
Newbridge Securities Corporation,Newbridge Securities Corp.
Nomura Securities International Inc.,Nomura Securities International Inc.
Nomura Securities International Inc.(1),Nomura Securities International Inc.
Nomura Securities InternationalInc.,Nomura Securities International Inc.
Northland Capital Markets(1),Northland Securities Inc.
Northland Securities Inc.,Northland Securities Inc.
Northland SecuritiesInc.,Northland Securities Inc.
Oppenheimer & Co. Inc.,Oppenheimer & Co. Inc.
Oppenheimer & Co. Inc.*,Oppenheimer & Co. Inc.
Oppenheimer & Co.Inc.,Oppenheimer & Co. Inc.
Options issued and outstanding,Options issued and outstanding
Options to purchase ordinary shares,Options to purchase ordinary shares
Other finance Income,Other finance Income
PJT Partners LP,PJT Partners LP
PNC Capital Markets LLC,PNC Capital Markets LLC
PNC Capital MarketsLLC,PNC Capital Markets LLC
PNCCapitalMarketsLLC,PNC Capital Markets LLC
PT Mandiri Sekuritas,PT Mandiri Sekuritas
Pacific Crest Securities LLC,Pacific Crest Securities LLC
Pacific Crest Securities LLC.,Pacific Crest Securities LLC
Pacific Crest Securities a division of KeyBanc Capital Markets Inc.,Pacific Crest Securities LLC
Pacific Crest Securities a division of KeyBanc Capital MarketsInc.,Pacific Crest Securities LLC
Pacific Crest SecuritiesLLC,Pacific Crest Securities LLC
Panmure Gordon (UK) Limited,Panmure Gordon (UK) Limited
Pareto Securities AS,Pareto Securities AS
Penserra Securities LLC,Penserra Securities LLC
Petercam NV/SA,Petercam NV/SA
Petrie Partners Securities LLC,Petrie Partners Securities LLC
Piper Jaffray & Co,Piper Jaffray & Co
Piper Jaffray & Co.,Piper Jaffray & Co
Piper Jaffray & Co.*,Piper Jaffray & Co
R. Seelaus & Co. LLC,R. Seelaus & Co. LLC
RA Capital Healthcare Fund L.P.,RA Capital Healthcare Fund L.P.
RB International Markets (USA) LLC,RB International Markets (USA) LLC
RBC Capital Markets LLC,RBC Capital Markets LLC
RBC Capital Markets LLC,RBC Capital Markets LLC
RBC Capital MarketsLLC,RBC Capital Markets LLC
RBC Dominion Securities Inc.,RBC Dominion Securities Inc.
RBS Securities Inc.,RBS Securities Inc.
RBS SecuritiesInc.,RBS Securities Inc.
RS Platou Markets AS,RS Platou Markets AS
RSUs of Pluralsight Inc.,RSUs of Pluralsight Inc.
Rabo Securities USA Inc.,Rabo Securities USA Inc.
Raine Securities LLC,Raine Securities LLC
Raymond James & Associates Inc.,Raymond James & Associates Inc.
Raymond James & Associates Inc.,Raymond James & Associates Inc.
Raymond James & Associates,Raymond James & Associates Inc.
Raymond James & Associates Inc,Raymond James & Associates Inc.
Raymond James & Associates Inc.,Raymond James & Associates Inc.
Raymond James & Associates Inc..,Raymond James & Associates Inc.
Raymond James & Associates LLC,Raymond James & Associates Inc.
Raymond James & AssociatesInc.,Raymond James & Associates Inc.
RaymondJames & Associates Inc.,Raymond James & Associates Inc.
Realty Capital Securities LLC,Realty Capital Securities LLC
Regions Securities LLC,Regions Securities LLC
Regions SecuritiesLLC,Regions Securities LLC
Remaining shares available under the 2015 Equity Incentive Plan,Remaining shares available under the 2015 Equity Incentive Plan
Remaining shares reserved for issuance under 2004 equity Incentive Plan,Remaining shares reserved for issuance under 2004 equity Incentive Plan
Renaissance Securities (Cyprus) Limited(1).,Renaissance Securities (Cyprus) Limited(1).
Restricted share units of Pluralsight Holdings,Restricted share units of Pluralsight Holdings
Restricted shares subject to future vesting,Restricted shares subject to future vesting
Restricted stock units outstanding under 2019 Equity Incentive Plan,Restricted stock units outstanding under 2019 Equity Incentive Plan
Robert W Baird & Co. Incorporated,Robert W Baird & Co. Incorporated
Robert W. Baird & Co. Incorporated,Robert W Baird & Co. Incorporated
Robert W. Baird & Co. Incorporated*,Robert W Baird & Co. Incorporated
Robert W. Baird & Co. Incorporated.,Robert W Baird & Co. Incorporated
Robert W. Baird & Co.Incorporated,Robert W Baird & Co. Incorporated
RobertW. Baird & Co. Incorporated,Robert W Baird & Co. Incorporated
Roth Capital Partners LLC,Roth Capital Partners LLC
Roth Capital PartnersLLC,Roth Capital Partners LLC
Rothschild Inc.,Rothschild Inc.
SG Americas Securities LLC,SG Americas Securities LLC
SG Americas SecuritiesLLC,SG Americas Securities LLC
SMBC Nikko Capital Markets Limited,SMBC Nikko Securities America Inc.
SMBC Nikko Securities America Inc.,SMBC Nikko Securities America Inc.
SMBC Nikko Securities AmericaInc.,SMBC Nikko Securities America Inc.
SVB Leerink LLC,SVB Leerink LLC
Samuel A. Ramirez & Co. Inc.,Samuel A. Ramirez & Co. Inc.
Samuel A. Ramirez & Company Inc.,Samuel A. Ramirez & Co. Inc.
Samuel A. Ramirez & CompanyInc.,Samuel A. Ramirez & Co. Inc.
Sandler O'Neill & Partners L.P.,Sandler O'Neill & Partners L.P.
Sandler O'Neill & PartnersL.P.,Sandler O'Neill & Partners L.P.
Sandler O'Neill+ Partners L.P.,Sandler O'Neill & Partners L.P.
Sandler ONeill & Partners L.P.,Sandler O'Neill & Partners L.P.
Sanford C. Bernstein & Co. LLC,Sanford C. Bernstein & Co. LLC
Santander Investment Securities Inc.,Santander Investment Securities Inc.
Scotia Capital (USA) Inc.,Scotia Capital Inc.
Scotia Capital (USA)Inc.,Scotia Capital Inc.
Scotia Capital Inc.,Scotia Capital Inc.
Scotia Capital Inc.(2),Scotia Capital Inc.
ScotiaCapital (USA) Inc.,Scotia Capital Inc.
Seaport Global Securities LLC,Seaport Global Securities LLC
Seaport Global SecuritiesLLC,Seaport Global Securities LLC
Second Capital Increase,Second Capital Increase
SeriesA-1 convertible preferred stock,SeriesA-1 convertible preferred stock
SeriesA-2 convertible preferred stock,SeriesA-2 convertible preferred stock
SeriesB-1 convertible preferred stock,SeriesB-1 convertible preferred stock
Shares authorized for future issuance under 2019 Equity Incentive Plan,Shares authorized for future issuance under 2019 Equity Incentive Plan
Shenwan Hongyuan Securities (H.K.) Limited,Shenwan Hongyuan Securities (H.K.) Limited
Sidoti & Company,Sidoti & Company
Sidoti & Company LLC,Sidoti & Company
Siebert Brandford Shank & Co. L.L.C.,Siebert Brandford Shank & Co. L.L.C.
Siebert Cisneros Shank & Co. L.L.C.,Siebert Cisneros Shank & Co. L.L.C.
Simmons & Company International,Simmons & Company International
Skandinaviska Enskilda Banken AB (publ),Skandinaviska Enskilda Banken AB (publ)
Standard Bank Plc,Standard Bank Plc
Stephens Inc.,Stephens Inc.
StephensInc.,Stephens Inc.
Sterne Agee & Leach Inc.,Sterne Agee & Leach Inc.
Stifel Nicolaus & Company Incorporated,Stifel Financial Corp.
Stifel Financial Corp.,Stifel Financial Corp.
Stifel Nicolaus & Company,Stifel Financial Corp.
Stifel Nicolaus & Company Inc.,Stifel Financial Corp.
Stifel Nicolaus & Company Incorporated,Stifel Financial Corp.
Stifel Nicolaus & CompanyIncorporated,Stifel Financial Corp.
StifelNicolaus & Company,Stifel Financial Corp.
Stock options,Stock options
SunTrust Robinson Humphrey Inc.,SunTrust Robinson Humphrey Inc.
SunTrust Robinson HumphreyInc.,SunTrust Robinson Humphrey Inc.
Sunrise Securities Corp.,Sunrise Securities Corp.
TD Securities (USA) LLC,TD Securities (USA) LLC
TDSecurities (USA)LLC,TD Securities (USA) LLC
TPG Capital BD LLC,TPG Capital BD LLC
Tekla Life Sciences Investors,Tekla Life Sciences Investors
Telsey Advisory Group,Telsey Advisory Group
Telsey Advisory Group LLC,Telsey Advisory Group
Telsey Advisory GroupLLC,Telsey Advisory Group
The Benchmark Company LLC,The Benchmark Company LLC
The Huntington Investment Company,The Huntington Investment Company
The Juda Group a division of Concept Capital Markets LLC,The Juda Group a division of Concept Capital Markets LLC
The Oak Ridge Financial Services Group Inc.,The Oak Ridge Financial Services Group Inc.
The Williams Capital Group L.P.,The Williams Capital Group L.P.
ThinkEquity a division of Fordham Financial Management Inc.,ThinkEquity a division of Fordham Financial Management Inc.
Topeka Capital Markets Inc.,Topeka Capital Markets Inc.
Total,Total
Toussaint Capital Partners LLC,Toussaint Capital Partners LLC
Tudor Pickering Holt & Co. Securities Inc.,Tudor Pickering Holt & Co. Securities Inc.
Tudor Pickering Holt & Co. SecuritiesInc.,Tudor Pickering Holt & Co. Securities Inc.
UBS Securities LLC,UBS Securities LLC
UBS Securities LLC.,UBS Securities LLC
UBS SecuritiesLLC,UBS Securities LLC
USCA Securities LLC,USCA Securities LLC
USCA SecuritiesLLC,USCA SecuritiesLLC
UniCredit Capital Markets LLC,UniCredit Capital Markets LLC
Union Gaming Securities LLC,Union Gaming Securities LLC
VHCP Co-Investment Holdings II LLC,VHCP Co-Investment Holdings II LLC
VHCP Co-Investment Holdings LLC,VHCP Co-Investment Holdings LLC
VTB Capital plc,VTB Capital plc
VTB Capitalplc,VTB Capital plc
Venrock Healthcare Capital Partners L.P.,Venrock Healthcare Capital Partners L.P.
ViewTrade Securities Inc.,ViewTrade Securities Inc.
WallachBeth Capital LLC,WallachBeth Capital LLC
Warrants to purchase redeemable convertible preferred stock,Warrants to purchase redeemable convertible preferred stock
Wedbush Securities Inc,Wedbush Securities Inc
Wedbush Securities Inc.,Wedbush Securities Inc
Wedbush SecuritiesInc.,Wedbush Securities Inc
Wells Fargo Securities Inc.,Wells Fargo Securities LLC
Wells Fargo Securities LLC,Wells Fargo Securities LLC
Wells Fargo SecuritiesLLC,Wells Fargo Securities LLC
WestPark Capital Inc.,WestPark Capital Inc.
WestPark Capital Inc.,WestPark Capital Inc.
Westpark Capital Inc.,WestPark Capital Inc.
William Blair & Company L.L.C.,William Blair & Company LLC
William Blair & Company L.L.C,William Blair & Company LLC
William Blair & Company L.L.C.,William Blair & Company LLC
William Blair & Company L.L.C.*,William Blair & Company LLC
William Blair & Company LLC,William Blair & Company LLC
William Blair & CompanyL.L.C.,William Blair & Company LLC
WilliamBlair & Company L.L.C.,William Blair & Company LLC
Wolfe Trahan Securities,Wolfe Trahan Securities
Wunderlich Securities Inc,Wunderlich Securities Inc
Wunderlich Securities Inc.,Wunderlich Securities Inc
Wunderlich SecuritiesInc.,Wunderlich Securities Inc
Zelman Partners LLC,Zelman Partners LLC